[
    {
        "no": "",
        "item_no": "",
        "description": "",
        "hscode": "",
        "p_o": "",
        "s_o": "",
        "o_ty_pcs": "",
        "unit_price_usd": "",
        "amount_usd": ""
    },
    {
        "no": "",
        "item_no": "104-10001",
        "description": "NeoNatalie Basic (dark)",
        "hscode": "902300",
        "p_o": "TN200259",
        "s_o": "$0125175",
        "o_ty_pcs": "20",
        "unit_price_usd": "124.00",
        "amount_usd": "2480.00"
    },
    {
        "no": "",
        "item_no": "340-00333",
        "description": "MamaNatalie Comp! Light",
        "hscode": "902300",
        "p_o": "TN200259",
        "s_o": "$0125175",
        "o_ty_pcs": "",
        "unit_price_usd": "450.00",
        "amount_usd": "4500.00"
    },
    {
        "no": "",
        "item_no": "340-00533",
        "description": "MamaN Compl (LT) Mama-U",
        "hscode": "902300",
        "p_o": "TN200259",
        "s_o": "$0125175",
        "o_ty_pcs": "",
        "unit_price_usd": "705.60",
        "amount_usd": "705.60"
    },
    {
        "no": "",
        "item_no": "340-11033",
        "description": "NeoNatalie Spare Dk",
        "hscode": "902300",
        "p_o": "TN200259",
        "s_o": "$0125175",
        "o_ty_pcs": "",
        "unit_price_usd": "",
        "amount_usd": "765.00"
    },
    {
        "no": "",
        "item_no": "340-11133",
        "description": "NeoNatalie Spare Lt",
        "hscode": "902300",
        "p_o": "TN200259",
        "s_o": "$0125175",
        "o_ty_pcs": "",
        "unit_price_usd": "",
        "amount_usd": "153.00"
    },
    {
        "no": "",
        "item_no": "340-12033",
        "description": "NeoNatalie body (Qt2) Dk",
        "hscode": "902300",
        "p_o": "TN200259",
        "s_o": "$0125175",
        "o_ty_pcs": "",
        "unit_price_usd": "",
        "amount_usd": "36.60"
    },
    {
        "no": "",
        "item_no": "360-00133",
        "description": "MamaBirthie (light)",
        "hscode": "902300",
        "p_o": "TN200259",
        "s_o": "$0125175",
        "o_ty_pcs": "",
        "unit_price_usd": "586.00",
        "amount_usd": "22268.00"
    },
    {
        "no": "",
        "item_no": "450-00033",
        "description": "LM Mama-U",
        "hscode": "902300",
        "p_o": "TN200259",
        "s_o": "$0125175",
        "o_ty_pcs": "",
        "unit_price_usd": "153.00",
        "amount_usd": "5508.00"
    }
]